Auto recommit - Sun Nov  2 10:56:57 UTC 2025
Auto recommit - Sun Nov  2 12:45:03 UTC 2025
Auto recommit - Mon Nov  3 02:02:37 UTC 2025
Auto recommit - Mon Nov  3 12:53:32 UTC 2025
Auto recommit - Tue Nov  4 01:57:48 UTC 2025
Auto recommit - Tue Nov  4 12:56:03 UTC 2025
Auto recommit - Wed Nov  5 01:59:07 UTC 2025
Auto recommit - Wed Nov  5 12:53:38 UTC 2025
Auto recommit - Thu Nov  6 01:59:13 UTC 2025
Auto recommit - Thu Nov  6 12:53:13 UTC 2025
Auto recommit - Fri Nov  7 01:57:49 UTC 2025
Auto recommit - Fri Nov  7 12:51:58 UTC 2025
Auto recommit - Sat Nov  8 01:51:40 UTC 2025
Auto recommit - Sat Nov  8 12:46:24 UTC 2025
Auto recommit - Sun Nov  9 02:02:20 UTC 2025
Auto recommit - Sun Nov  9 12:46:27 UTC 2025
Auto recommit - Mon Nov 10 02:03:49 UTC 2025
Auto recommit - Mon Nov 10 12:54:29 UTC 2025
Auto recommit - Tue Nov 11 01:59:46 UTC 2025
Auto recommit - Tue Nov 11 12:53:17 UTC 2025
Auto recommit - Wed Nov 12 01:58:55 UTC 2025
Auto recommit - Wed Nov 12 12:54:49 UTC 2025
Auto recommit - Thu Nov 13 02:00:54 UTC 2025
Auto recommit - Thu Nov 13 12:54:57 UTC 2025
